Motif,Name
NWCKRGRKQCKTHPH,LTBP2_HUMAN
HIQKTGGTT,H6ST2_HUMAN
HIQKTGGTT,H6ST1_HUMAN
QPRRKTAKMLK,HPSE_HUMAN
KKFKN,HPSE_HUMAN
RANVKHLKILN,SDF1_HUMAN
NWCKRGRKQCKTHPH,A4_HUMAN
LRKR,APOE_HUMAN
GERLRARM,APOE_HUMAN
RRLRRMESESES,AAMP
RKKKGGKNGKNRRNRKKKN,AREG
PNGLKRDKLGCEYCECRPKRKLIPRLS,Antistatin
RRVWELSK,AT III
FFFAKLNCRLYRKA,AT III
AKLNCRLYRKANKSSKLVSANR,AT III
KPEKSLAKVEKELT,AT III
LSVKAQYKKNKHRHSI,Apo B100
YKLEGTTRLTRKRGLKLATA,Apo B100
LRKRLLRD,Apo E
GERLRARM,Apo E
RRRYARK,Dhh
GLKKNGSCKRGPRTHYGQKAI,FGF 1
LKRTGQYKLGSKTGPGQK,FGF 2
KRTGQYKLGSKTGPGQKAIL,FGF 2
LSKNGKTKKGNRVSPTMKVT,FGF 4
LNQKGIPVRGKKTKKEQKTAH,FGF 7
FTRKGRPRKGSKTRQHQREVH,FGF 8
LNGKGAPRRGQKTRRKNTSAH,FGF 10
FTKKGRPRKGPKTRENQQDVH,FGF 18
YEKPGSPPREVVPRPRPGV,FBN
KNNQKSEPLIGRKKT,FBN
RYNVNGVGKVLKKINKAIVSKKNK,Glia Nexin
KRKKKGKGLGKKRDPCLRKYK,HB-EGF
FRKLTHRLFRRNFGYTLR,Hep Cofac 2
KKFKNSTYSRSSVDC,Heparinase
AKTGKRKRSQMLFRGRRASQ,IFN-γ
KKGFYKKKQCRPSKGRKR,IGFBP-3
RNGNFHPKQCHPALDQ,IGFBP4
RKGFYKRKQCKPSRGRKR,IGFBP-5
HRGFYRKRQCRSSQGQRR,IGFBP-6
LKTLRLRLRRCHRFLPCENKSKA,IL10
RRRPPRK,Ihh
KQNCLSSRASFRGCVRNLRLSR,Laminin
KQNCLSSRASFRGCVRNLRLSR,Laminin
KQNCLSSRASFRGCVRNLRLSR,Laminin
RKNRCNNLGYEINKVRAKR,LPL
IWKHKGRDVILKKDVRFI,NCAM
GRPRESGKKRKRKRLKPT,PDGF-A
RSPKPPNKKKTKKV,PRG4
SEKTLRKWLKMFKKRQLELY,Prot C Inhib
YPARRARYQWVRCKP,Serglycin
KRRHPKK,Shh
REHSERKKRRRESECKAA,EC-SOD
DFRKDLGWKWIHEPKGYHA,TGF-β1
RKGSGRRLVK,TSP
RQMKKTR,TSP
AKKQRFRHRNRKGYR,VTN
YIGLKDRKRPSELRRIASQVKYA,vWF
LGVPANRIVVRVKRM,XO
KKKNPSGSWEDWVTAAY,XDH
AKRKRQGK,
GRRGRKQK,
KRGKRRQA,
RRKQGRKR,
KAKRKRGA,
RKRKQKRR,
GKKRGRRK,
RKQKRGRK,
RRKAKRGR,
KRRQGKRR,
AKRGRKRQK,
GKRKRRKQA,
KRQGRRKRK,
RKRGRQKRR,
GKRRKRGKR,
AKRRKQGRRK,
GRKRKQRRKQ,
KRGRRKAKRK,
RKRQGRKRKR,
GKRRQKRRKA,
AKRGRKRRKQA,
KRQRRKGRKRK,
RKRGRQKRRKA,
GKRRKAKRGRR,
KRGRRKQKRGR,
AKRKRGRRKQGA,
GRKRRKQKRGRA,
KRGRQKRRKRGQ,
RKRGRKQRRKGA,
GKRRKQKRRKGA,